archived_dd_flmd,sans_dir
Z:/00_ESSDIVE/01_Study_DPs/00_ARCHIVE-WHEN-PUBLISHED/2023_04_Roebuck/SPS_Roebuck_Data_Package/SPS_Roebuck_dd.csv,/2023_04_Roebuck/SPS_Roebuck_Data_Package/SPS_Roebuck_dd.csv
Z:/00_ESSDIVE/01_Study_DPs/00_ARCHIVE-WHEN-PUBLISHED/2023_04_Roebuck/SPS_Roebuck_Data_Package/SPS_Roebuck_flmd.csv,/2023_04_Roebuck/SPS_Roebuck_Data_Package/SPS_Roebuck_flmd.csv
Z:/00_ESSDIVE/01_Study_DPs/00_ARCHIVE-WHEN-PUBLISHED/BSLE_Data_Package/BSLE_Data_Package/BSLE_dd.csv,/BSLE_Data_Package/BSLE_Data_Package/BSLE_dd.csv
Z:/00_ESSDIVE/01_Study_DPs/00_ARCHIVE-WHEN-PUBLISHED/BSLE_Data_Package/BSLE_Data_Package/BSLE_flmd.csv,/BSLE_Data_Package/BSLE_Data_Package/BSLE_flmd.csv
Z:/00_ESSDIVE/01_Study_DPs/00_ARCHIVE-WHEN-PUBLISHED/BSLE_Data_Package_v3/v3_BSLE_Data_Package/v3_BSLE_dd.csv,/BSLE_Data_Package_v3/v3_BSLE_Data_Package/v3_BSLE_dd.csv
Z:/00_ESSDIVE/01_Study_DPs/00_ARCHIVE-WHEN-PUBLISHED/BSLE_Data_Package_v3/v3_BSLE_Data_Package/v3_BSLE_flmd.csv,/BSLE_Data_Package_v3/v3_BSLE_Data_Package/v3_BSLE_flmd.csv
Z:/00_ESSDIVE/01_Study_DPs/00_ARCHIVE-WHEN-PUBLISHED/BSLE_Data_Package_v4/v4_BSLE_Data_Package/v4_BSLE_dd.csv,/BSLE_Data_Package_v4/v4_BSLE_Data_Package/v4_BSLE_dd.csv
Z:/00_ESSDIVE/01_Study_DPs/00_ARCHIVE-WHEN-PUBLISHED/BSLE_Data_Package_v4/v4_BSLE_Data_Package/v4_BSLE_flmd.csv,/BSLE_Data_Package_v4/v4_BSLE_Data_Package/v4_BSLE_flmd.csv
Z:/00_ESSDIVE/01_Study_DPs/00_ARCHIVE-WHEN-PUBLISHED/Chemogeography_2021/Chemogeography_Data_package_2021/Data_Dictionaries/BTRS19_Metadata_for_publishing_dd.csv,/Chemogeography_2021/Chemogeography_Data_package_2021/Data_Dictionaries/BTRS19_Metadata_for_publishing_dd.csv
Z:/00_ESSDIVE/01_Study_DPs/00_ARCHIVE-WHEN-PUBLISHED/Chemogeography_2021/Chemogeography_Data_package_2021/Data_Dictionaries/BTRS19_Report_dd.csv,/Chemogeography_2021/Chemogeography_Data_package_2021/Data_Dictionaries/BTRS19_Report_dd.csv
Z:/00_ESSDIVE/01_Study_DPs/00_ARCHIVE-WHEN-PUBLISHED/Chemogeography_2021/Chemogeography_Data_package_2021/Data_Dictionaries/FLMD_dd.csv,/Chemogeography_2021/Chemogeography_Data_package_2021/Data_Dictionaries/FLMD_dd.csv
Z:/00_ESSDIVE/01_Study_DPs/00_ARCHIVE-WHEN-PUBLISHED/Chemogeography_2021/Chemogeography_Data_package_2021/Data_Dictionaries/Processed_BTRS19_CONUS_1-27_newcode_dd.csv,/Chemogeography_2021/Chemogeography_Data_package_2021/Data_Dictionaries/Processed_BTRS19_CONUS_1-27_newcode_dd.csv
Z:/00_ESSDIVE/01_Study_DPs/00_ARCHIVE-WHEN-PUBLISHED/Chemogeography_2021/Chemogeography_Data_package_2021/Data_Dictionaries/Processed_S19S_Sediments_Water_2-2_newcode_dd.csv,/Chemogeography_2021/Chemogeography_Data_package_2021/Data_Dictionaries/Processed_S19S_Sediments_Water_2-2_newcode_dd.csv
Z:/00_ESSDIVE/01_Study_DPs/00_ARCHIVE-WHEN-PUBLISHED/Chemogeography_2021/Chemogeography_Data_package_2021/Data_Dictionaries/WHONDRS_S19S_Metadata_v2_dd.csv,/Chemogeography_2021/Chemogeography_Data_package_2021/Data_Dictionaries/WHONDRS_S19S_Metadata_v2_dd.csv
Z:/00_ESSDIVE/01_Study_DPs/00_ARCHIVE-WHEN-PUBLISHED/CM_SSS_Data_Package_v1/CM_SSS_Data_Package/CM_SSS_dd.csv,/CM_SSS_Data_Package_v1/CM_SSS_Data_Package/CM_SSS_dd.csv
Z:/00_ESSDIVE/01_Study_DPs/00_ARCHIVE-WHEN-PUBLISHED/CM_SSS_Data_Package_v1/CM_SSS_Data_Package/CM_SSS_flmd.csv,/CM_SSS_Data_Package_v1/CM_SSS_Data_Package/CM_SSS_flmd.csv
Z:/00_ESSDIVE/01_Study_DPs/00_ARCHIVE-WHEN-PUBLISHED/CM_SSS_Data_Package_v2/v2_CM_SSS_Data_Package/v2_CM_SSS_dd.csv,/CM_SSS_Data_Package_v2/v2_CM_SSS_Data_Package/v2_CM_SSS_dd.csv
Z:/00_ESSDIVE/01_Study_DPs/00_ARCHIVE-WHEN-PUBLISHED/CM_SSS_Data_Package_v2/v2_CM_SSS_Data_Package/v2_CM_SSS_flmd.csv,/CM_SSS_Data_Package_v2/v2_CM_SSS_Data_Package/v2_CM_SSS_flmd.csv
Z:/00_ESSDIVE/01_Study_DPs/00_ARCHIVE-WHEN-PUBLISHED/CM_SSS_Data_Package_v3/v3_CM_SSS_Data_Package/v3_CM_SSS_dd.csv,/CM_SSS_Data_Package_v3/v3_CM_SSS_Data_Package/v3_CM_SSS_dd.csv
Z:/00_ESSDIVE/01_Study_DPs/00_ARCHIVE-WHEN-PUBLISHED/CM_SSS_Data_Package_v3/v3_CM_SSS_Data_Package/v3_CM_SSS_flmd.csv,/CM_SSS_Data_Package_v3/v3_CM_SSS_Data_Package/v3_CM_SSS_flmd.csv
Z:/00_ESSDIVE/01_Study_DPs/00_ARCHIVE-WHEN-PUBLISHED/CM_SSS_Data_Package_v4/v4_CM_SSS_Data_Package/v4_CM_SSS_dd.csv,/CM_SSS_Data_Package_v4/v4_CM_SSS_Data_Package/v4_CM_SSS_dd.csv
Z:/00_ESSDIVE/01_Study_DPs/00_ARCHIVE-WHEN-PUBLISHED/CM_SSS_Data_Package_v4/v4_CM_SSS_Data_Package/v4_CM_SSS_flmd.csv,/CM_SSS_Data_Package_v4/v4_CM_SSS_Data_Package/v4_CM_SSS_flmd.csv
Z:/00_ESSDIVE/01_Study_DPs/00_ARCHIVE-WHEN-PUBLISHED/CM_SSS_Data_Package_v5/v5_CM_SSS_Data_Package/v5_CM_SSS_dd.csv,/CM_SSS_Data_Package_v5/v5_CM_SSS_Data_Package/v5_CM_SSS_dd.csv
Z:/00_ESSDIVE/01_Study_DPs/00_ARCHIVE-WHEN-PUBLISHED/CM_SSS_Data_Package_v5/v5_CM_SSS_Data_Package/v5_CM_SSS_flmd.csv,/CM_SSS_Data_Package_v5/v5_CM_SSS_Data_Package/v5_CM_SSS_flmd.csv
Z:/00_ESSDIVE/01_Study_DPs/00_ARCHIVE-WHEN-PUBLISHED/Cross-RCSFA_Geospatial_Data_Package_v2/v2_RCSFA_Geospatial_Data_Package/v1_RCSFA_Geospatial_dd.csv,/Cross-RCSFA_Geospatial_Data_Package_v2/v2_RCSFA_Geospatial_Data_Package/v1_RCSFA_Geospatial_dd.csv
Z:/00_ESSDIVE/01_Study_DPs/00_ARCHIVE-WHEN-PUBLISHED/Cross-RCSFA_Geospatial_Data_Package_v2/v2_RCSFA_Geospatial_Data_Package/v2_RCSFA_Geospatial_flmd.csv,/Cross-RCSFA_Geospatial_Data_Package_v2/v2_RCSFA_Geospatial_Data_Package/v2_RCSFA_Geospatial_flmd.csv
Z:/00_ESSDIVE/01_Study_DPs/00_ARCHIVE-WHEN-PUBLISHED/Cross-RCSFA_Geospatial_Data_Package_v3/v3_RCSFA_Geospatial_Data_Package/v2_RCSFA_Geospatial_dd.csv,/Cross-RCSFA_Geospatial_Data_Package_v3/v3_RCSFA_Geospatial_Data_Package/v2_RCSFA_Geospatial_dd.csv
Z:/00_ESSDIVE/01_Study_DPs/00_ARCHIVE-WHEN-PUBLISHED/Cross-RCSFA_Geospatial_Data_Package_v3/v3_RCSFA_Geospatial_Data_Package/v3_RCSFA_Geospatial_flmd.csv,/Cross-RCSFA_Geospatial_Data_Package_v3/v3_RCSFA_Geospatial_Data_Package/v3_RCSFA_Geospatial_flmd.csv
Z:/00_ESSDIVE/01_Study_DPs/00_ARCHIVE-WHEN-PUBLISHED/Cross-RCSFA_Geospatial_Data_Package_v4/v4_RCSFA_Geospatial_Data_Package/v2_RCSFA_Geospatial_dd.csv,/Cross-RCSFA_Geospatial_Data_Package_v4/v4_RCSFA_Geospatial_Data_Package/v2_RCSFA_Geospatial_dd.csv
Z:/00_ESSDIVE/01_Study_DPs/00_ARCHIVE-WHEN-PUBLISHED/Cross-RCSFA_Geospatial_Data_Package_v4/v4_RCSFA_Geospatial_Data_Package/v4_RCSFA_Geospatial_flmd.csv,/Cross-RCSFA_Geospatial_Data_Package_v4/v4_RCSFA_Geospatial_Data_Package/v4_RCSFA_Geospatial_flmd.csv
Z:/00_ESSDIVE/01_Study_DPs/00_ARCHIVE-WHEN-PUBLISHED/D50_2021_Spatial_Study_Manuscript_Data_Package/D50_2021_Spatial_Study_Manuscript_Data_Package/d50_dd.csv,/D50_2021_Spatial_Study_Manuscript_Data_Package/D50_2021_Spatial_Study_Manuscript_Data_Package/d50_dd.csv
Z:/00_ESSDIVE/01_Study_DPs/00_ARCHIVE-WHEN-PUBLISHED/D50_2021_Spatial_Study_Manuscript_Data_Package/D50_2021_Spatial_Study_Manuscript_Data_Package/d50_flmd.csv,/D50_2021_Spatial_Study_Manuscript_Data_Package/D50_2021_Spatial_Study_Manuscript_Data_Package/d50_flmd.csv
Z:/00_ESSDIVE/01_Study_DPs/00_ARCHIVE-WHEN-PUBLISHED/ECA_Data_Package/EC_Data_Package/EC_dd.csv,/ECA_Data_Package/EC_Data_Package/EC_dd.csv
Z:/00_ESSDIVE/01_Study_DPs/00_ARCHIVE-WHEN-PUBLISHED/ECA_Data_Package/EC_Data_Package/EC_flmd.csv,/ECA_Data_Package/EC_Data_Package/EC_flmd.csv
Z:/00_ESSDIVE/01_Study_DPs/00_ARCHIVE-WHEN-PUBLISHED/EWEB_v2/v2_EWEB_Data_Package/v2_EWEB_dd.csv,/EWEB_v2/v2_EWEB_Data_Package/v2_EWEB_dd.csv
Z:/00_ESSDIVE/01_Study_DPs/00_ARCHIVE-WHEN-PUBLISHED/EWEB_v2/v2_EWEB_Data_Package/v2_EWEB_flmd.csv,/EWEB_v2/v2_EWEB_Data_Package/v2_EWEB_flmd.csv
Z:/00_ESSDIVE/01_Study_DPs/00_ARCHIVE-WHEN-PUBLISHED/EWEB_Year2_Data_Package/EWEB_Year2_Data_Package/EWEB_Year2_dd.csv,/EWEB_Year2_Data_Package/EWEB_Year2_Data_Package/EWEB_Year2_dd.csv
Z:/00_ESSDIVE/01_Study_DPs/00_ARCHIVE-WHEN-PUBLISHED/EWEB_Year2_Data_Package/EWEB_Year2_Data_Package/EWEB_Year2_flmd.csv,/EWEB_Year2_Data_Package/EWEB_Year2_Data_Package/EWEB_Year2_flmd.csv
Z:/00_ESSDIVE/01_Study_DPs/00_ARCHIVE-WHEN-PUBLISHED/Fulton_OS_Sensors_Data_Package/Fulton_OS_Sensors_Data_Package/OS_Sensor_Comparison_dd.csv,/Fulton_OS_Sensors_Data_Package/Fulton_OS_Sensors_Data_Package/OS_Sensor_Comparison_dd.csv
Z:/00_ESSDIVE/01_Study_DPs/00_ARCHIVE-WHEN-PUBLISHED/Fulton_OS_Sensors_Data_Package/Fulton_OS_Sensors_Data_Package/OS_Sensor_Comparison_flmd.csv,/Fulton_OS_Sensors_Data_Package/Fulton_OS_Sensors_Data_Package/OS_Sensor_Comparison_flmd.csv
Z:/00_ESSDIVE/01_Study_DPs/00_ARCHIVE-WHEN-PUBLISHED/Kaufman_Multireactor_Data_Package/Kaufman_Multireactor_Data_Package/Multireactor_dd.csv,/Kaufman_Multireactor_Data_Package/Kaufman_Multireactor_Data_Package/Multireactor_dd.csv
Z:/00_ESSDIVE/01_Study_DPs/00_ARCHIVE-WHEN-PUBLISHED/Kaufman_Multireactor_Data_Package/Kaufman_Multireactor_Data_Package/Multireactor_flmd.csv,/Kaufman_Multireactor_Data_Package/Kaufman_Multireactor_Data_Package/Multireactor_flmd.csv
Z:/00_ESSDIVE/01_Study_DPs/00_ARCHIVE-WHEN-PUBLISHED/Mesocosm_DataPackage_2021/DataPackage/7_Data_Dictionaries/1. Metadata_4Jun2021_dd.csv,/Mesocosm_DataPackage_2021/DataPackage/7_Data_Dictionaries/1. Metadata_4Jun2021_dd.csv
Z:/00_ESSDIVE/01_Study_DPs/00_ARCHIVE-WHEN-PUBLISHED/Mesocosm_DataPackage_2021/DataPackage/7_Data_Dictionaries/10. gDNA_OTU_rarefied_15106_betadisp_dd.csv,/Mesocosm_DataPackage_2021/DataPackage/7_Data_Dictionaries/10. gDNA_OTU_rarefied_15106_betadisp_dd.csv
Z:/00_ESSDIVE/01_Study_DPs/00_ARCHIVE-WHEN-PUBLISHED/Mesocosm_DataPackage_2021/DataPackage/7_Data_Dictionaries/11. CPI.vs.betdisp_dd.csv,/Mesocosm_DataPackage_2021/DataPackage/7_Data_Dictionaries/11. CPI.vs.betdisp_dd.csv
Z:/00_ESSDIVE/01_Study_DPs/00_ARCHIVE-WHEN-PUBLISHED/Mesocosm_DataPackage_2021/DataPackage/7_Data_Dictionaries/2. Stegen_EC_Raw_DO_dd.csv,/Mesocosm_DataPackage_2021/DataPackage/7_Data_Dictionaries/2. Stegen_EC_Raw_DO_dd.csv
Z:/00_ESSDIVE/01_Study_DPs/00_ARCHIVE-WHEN-PUBLISHED/Mesocosm_DataPackage_2021/DataPackage/7_Data_Dictionaries/3. cDNA_bNTI_weighted_rare_27227_dd.csv,/Mesocosm_DataPackage_2021/DataPackage/7_Data_Dictionaries/3. cDNA_bNTI_weighted_rare_27227_dd.csv
Z:/00_ESSDIVE/01_Study_DPs/00_ARCHIVE-WHEN-PUBLISHED/Mesocosm_DataPackage_2021/DataPackage/7_Data_Dictionaries/4. cDNA_OTU_rarefied_27227_dd.csv,/Mesocosm_DataPackage_2021/DataPackage/7_Data_Dictionaries/4. cDNA_OTU_rarefied_27227_dd.csv
Z:/00_ESSDIVE/01_Study_DPs/00_ARCHIVE-WHEN-PUBLISHED/Mesocosm_DataPackage_2021/DataPackage/7_Data_Dictionaries/5. gDNA_bNTI_weighted_rare_15106_dd.csv,/Mesocosm_DataPackage_2021/DataPackage/7_Data_Dictionaries/5. gDNA_bNTI_weighted_rare_15106_dd.csv
Z:/00_ESSDIVE/01_Study_DPs/00_ARCHIVE-WHEN-PUBLISHED/Mesocosm_DataPackage_2021/DataPackage/7_Data_Dictionaries/6. gDNA_OTU_rarefied_15106_dd.csv,/Mesocosm_DataPackage_2021/DataPackage/7_Data_Dictionaries/6. gDNA_OTU_rarefied_15106_dd.csv
Z:/00_ESSDIVE/01_Study_DPs/00_ARCHIVE-WHEN-PUBLISHED/Mesocosm_DataPackage_2021/DataPackage/7_Data_Dictionaries/7. EC_Stegen_Report_dd.csv,/Mesocosm_DataPackage_2021/DataPackage/7_Data_Dictionaries/7. EC_Stegen_Report_dd.csv
Z:/00_ESSDIVE/01_Study_DPs/00_ARCHIVE-WHEN-PUBLISHED/Mesocosm_DataPackage_2021/DataPackage/7_Data_Dictionaries/8. Reactorspecificdata_forStatistics_dd.csv,/Mesocosm_DataPackage_2021/DataPackage/7_Data_Dictionaries/8. Reactorspecificdata_forStatistics_dd.csv
Z:/00_ESSDIVE/01_Study_DPs/00_ARCHIVE-WHEN-PUBLISHED/Mesocosm_DataPackage_2021/DataPackage/7_Data_Dictionaries/9. cDNA_OTU_rarefied_27227_betadisp_dd.csv,/Mesocosm_DataPackage_2021/DataPackage/7_Data_Dictionaries/9. cDNA_OTU_rarefied_27227_betadisp_dd.csv
Z:/00_ESSDIVE/01_Study_DPs/00_ARCHIVE-WHEN-PUBLISHED/Mesocosm_DataPackage_2021/DataPackage/7_Data_Dictionaries/FLMD_dd.csv,/Mesocosm_DataPackage_2021/DataPackage/7_Data_Dictionaries/FLMD_dd.csv
Z:/00_ESSDIVE/01_Study_DPs/00_ARCHIVE-WHEN-PUBLISHED/RC2_TemporalStudy_2021-2022_SampleData/RC2_TemporalStudy_2021-2022_SampleData/RC2_Sample_dd.csv,/RC2_TemporalStudy_2021-2022_SampleData/RC2_TemporalStudy_2021-2022_SampleData/RC2_Sample_dd.csv
Z:/00_ESSDIVE/01_Study_DPs/00_ARCHIVE-WHEN-PUBLISHED/RC2_TemporalStudy_2021-2022_SampleData/RC2_TemporalStudy_2021-2022_SampleData/RC2_Sample_flmd.csv,/RC2_TemporalStudy_2021-2022_SampleData/RC2_TemporalStudy_2021-2022_SampleData/RC2_Sample_flmd.csv
Z:/00_ESSDIVE/01_Study_DPs/00_ARCHIVE-WHEN-PUBLISHED/RC2_TemporalStudy_2021-2022_SampleData_v2/v2_RC2_TemporalStudy_2021-2022_SampleData/v2_RC2_Sample_dd.csv,/RC2_TemporalStudy_2021-2022_SampleData_v2/v2_RC2_TemporalStudy_2021-2022_SampleData/v2_RC2_Sample_dd.csv
Z:/00_ESSDIVE/01_Study_DPs/00_ARCHIVE-WHEN-PUBLISHED/RC2_TemporalStudy_2021-2022_SampleData_v2/v2_RC2_TemporalStudy_2021-2022_SampleData/v2_RC2_Sample_flmd.csv,/RC2_TemporalStudy_2021-2022_SampleData_v2/v2_RC2_TemporalStudy_2021-2022_SampleData/v2_RC2_Sample_flmd.csv
Z:/00_ESSDIVE/01_Study_DPs/00_ARCHIVE-WHEN-PUBLISHED/RC2_TemporalStudy_2021-2022_SampleData_v3/v2_RC2_Sample_dd.csv,/RC2_TemporalStudy_2021-2022_SampleData_v3/v2_RC2_Sample_dd.csv
Z:/00_ESSDIVE/01_Study_DPs/00_ARCHIVE-WHEN-PUBLISHED/RC2_TemporalStudy_2021-2022_SampleData_v3/v2_RC2_Sample_flmd.csv,/RC2_TemporalStudy_2021-2022_SampleData_v3/v2_RC2_Sample_flmd.csv
Z:/00_ESSDIVE/01_Study_DPs/00_ARCHIVE-WHEN-PUBLISHED/RC2_TemporalStudy_2021-2022_SampleData_v3/v3_RC2_TemporalStudy_2021-2022_SampleData/v3_RC2_Sample_dd.csv,/RC2_TemporalStudy_2021-2022_SampleData_v3/v3_RC2_TemporalStudy_2021-2022_SampleData/v3_RC2_Sample_dd.csv
Z:/00_ESSDIVE/01_Study_DPs/00_ARCHIVE-WHEN-PUBLISHED/RC2_TemporalStudy_2021-2022_SampleData_v3/v3_RC2_TemporalStudy_2021-2022_SampleData/v3_RC2_Sample_flmd.csv,/RC2_TemporalStudy_2021-2022_SampleData_v3/v3_RC2_TemporalStudy_2021-2022_SampleData/v3_RC2_Sample_flmd.csv
Z:/00_ESSDIVE/01_Study_DPs/00_ARCHIVE-WHEN-PUBLISHED/RC2_TemporalStudy_2021-2022_SensorData/RC2_TemporalStudy_2021-2022_SensorData/RC2_Sensor_dd.csv,/RC2_TemporalStudy_2021-2022_SensorData/RC2_TemporalStudy_2021-2022_SensorData/RC2_Sensor_dd.csv
Z:/00_ESSDIVE/01_Study_DPs/00_ARCHIVE-WHEN-PUBLISHED/RC2_TemporalStudy_2021-2022_SensorData/RC2_TemporalStudy_2021-2022_SensorData/RC2_Sensor_flmd.csv,/RC2_TemporalStudy_2021-2022_SensorData/RC2_TemporalStudy_2021-2022_SensorData/RC2_Sensor_flmd.csv
Z:/00_ESSDIVE/01_Study_DPs/00_ARCHIVE-WHEN-PUBLISHED/RC2_TemporalStudy_2022-2024_SampleData/RC2_TemporalStudy_2022-2024_SampleData/RC2_2022-2024_dd.csv,/RC2_TemporalStudy_2022-2024_SampleData/RC2_TemporalStudy_2022-2024_SampleData/RC2_2022-2024_dd.csv
Z:/00_ESSDIVE/01_Study_DPs/00_ARCHIVE-WHEN-PUBLISHED/RC2_TemporalStudy_2022-2024_SampleData/RC2_TemporalStudy_2022-2024_SampleData/RC2_2022-2024_flmd.csv,/RC2_TemporalStudy_2022-2024_SampleData/RC2_TemporalStudy_2022-2024_SampleData/RC2_2022-2024_flmd.csv
Z:/00_ESSDIVE/01_Study_DPs/00_ARCHIVE-WHEN-PUBLISHED/RC3_EWEB_Nov2020_DataPackage_May_2022_AR/RC3_EWEB_Nov2020_DataPackage_May_2022/1_Metadata/Metadata_dd.csv,/RC3_EWEB_Nov2020_DataPackage_May_2022_AR/RC3_EWEB_Nov2020_DataPackage_May_2022/1_Metadata/Metadata_dd.csv
Z:/00_ESSDIVE/01_Study_DPs/00_ARCHIVE-WHEN-PUBLISHED/RC3_EWEB_Nov2020_DataPackage_May_2022_AR/RC3_EWEB_Nov2020_DataPackage_May_2022/3_SensorData/SensorData_dd.csv,/RC3_EWEB_Nov2020_DataPackage_May_2022_AR/RC3_EWEB_Nov2020_DataPackage_May_2022/3_SensorData/SensorData_dd.csv
Z:/00_ESSDIVE/01_Study_DPs/00_ARCHIVE-WHEN-PUBLISHED/RC3_EWEB_Nov2020_DataPackage_May_2022_AR/RC3_EWEB_Nov2020_DataPackage_May_2022/4_FTICR_SupportingData/SupportingTable_dd.csv,/RC3_EWEB_Nov2020_DataPackage_May_2022_AR/RC3_EWEB_Nov2020_DataPackage_May_2022/4_FTICR_SupportingData/SupportingTable_dd.csv
Z:/00_ESSDIVE/01_Study_DPs/00_ARCHIVE-WHEN-PUBLISHED/Roley_CR_Metabolism_Data_Package/Roley_CR_Metabolism_Data_Package/CR_metabolism_flmd.csv,/Roley_CR_Metabolism_Data_Package/Roley_CR_Metabolism_Data_Package/CR_metabolism_flmd.csv
Z:/00_ESSDIVE/01_Study_DPs/00_ARCHIVE-WHEN-PUBLISHED/Roley_CR_Metabolism_Data_Package/Roley_CR_Metabolism_Data_Package/DO_temp_sensor_data_dd.csv,/Roley_CR_Metabolism_Data_Package/Roley_CR_Metabolism_Data_Package/DO_temp_sensor_data_dd.csv
Z:/00_ESSDIVE/01_Study_DPs/00_ARCHIVE-WHEN-PUBLISHED/Roley_CR_Metabolism_Data_Package/Roley_CR_Metabolism_Data_Package/Kdistrib_Ar_dd.csv,/Roley_CR_Metabolism_Data_Package/Roley_CR_Metabolism_Data_Package/Kdistrib_Ar_dd.csv
Z:/00_ESSDIVE/01_Study_DPs/00_ARCHIVE-WHEN-PUBLISHED/Roley_CR_Metabolism_Data_Package/Roley_CR_Metabolism_Data_Package/metabolism_data_dd.csv,/Roley_CR_Metabolism_Data_Package/Roley_CR_Metabolism_Data_Package/metabolism_data_dd.csv
Z:/00_ESSDIVE/01_Study_DPs/00_ARCHIVE-WHEN-PUBLISHED/Roley_CR_Metabolism_Data_Package/Roley_CR_Metabolism_Data_Package/Roley_CR_Metabolism_Data_Package_dd.csv,/Roley_CR_Metabolism_Data_Package/Roley_CR_Metabolism_Data_Package/Roley_CR_Metabolism_Data_Package_dd.csv
Z:/00_ESSDIVE/01_Study_DPs/00_ARCHIVE-WHEN-PUBLISHED/SFA_SpatialStudy_2021_SampleData/SFA_SpatialStudy_2021_SampleData/SPS_Sample_dd.csv,/SFA_SpatialStudy_2021_SampleData/SFA_SpatialStudy_2021_SampleData/SPS_Sample_dd.csv
Z:/00_ESSDIVE/01_Study_DPs/00_ARCHIVE-WHEN-PUBLISHED/SFA_SpatialStudy_2021_SampleData/SFA_SpatialStudy_2021_SampleData/SPS_Sample_flmd.csv,/SFA_SpatialStudy_2021_SampleData/SFA_SpatialStudy_2021_SampleData/SPS_Sample_flmd.csv
Z:/00_ESSDIVE/01_Study_DPs/00_ARCHIVE-WHEN-PUBLISHED/SFA_SpatialStudy_2021_SampleData_v2/v2_SFA_SpatialStudy_2021_SampleData/SPS_Sample_dd.csv,/SFA_SpatialStudy_2021_SampleData_v2/v2_SFA_SpatialStudy_2021_SampleData/SPS_Sample_dd.csv
Z:/00_ESSDIVE/01_Study_DPs/00_ARCHIVE-WHEN-PUBLISHED/SFA_SpatialStudy_2021_SampleData_v2/v2_SFA_SpatialStudy_2021_SampleData/v2_SPS_Sample_flmd.csv,/SFA_SpatialStudy_2021_SampleData_v2/v2_SFA_SpatialStudy_2021_SampleData/v2_SPS_Sample_flmd.csv
Z:/00_ESSDIVE/01_Study_DPs/00_ARCHIVE-WHEN-PUBLISHED/SFA_SpatialStudy_2021_SampleData_v3/v3_SFA_SpatialStudy_2021_SampleData/v2_SPS_Sample_dd.csv,/SFA_SpatialStudy_2021_SampleData_v3/v3_SFA_SpatialStudy_2021_SampleData/v2_SPS_Sample_dd.csv
Z:/00_ESSDIVE/01_Study_DPs/00_ARCHIVE-WHEN-PUBLISHED/SFA_SpatialStudy_2021_SampleData_v3/v3_SFA_SpatialStudy_2021_SampleData/v3_SPS_Sample_flmd.csv,/SFA_SpatialStudy_2021_SampleData_v3/v3_SFA_SpatialStudy_2021_SampleData/v3_SPS_Sample_flmd.csv
Z:/00_ESSDIVE/01_Study_DPs/00_ARCHIVE-WHEN-PUBLISHED/SFA_SpatialStudy_2021_SensorData/SFA_SpatialStudy_2021_SensorData/SPS_Sensor_dd.csv,/SFA_SpatialStudy_2021_SensorData/SFA_SpatialStudy_2021_SensorData/SPS_Sensor_dd.csv
Z:/00_ESSDIVE/01_Study_DPs/00_ARCHIVE-WHEN-PUBLISHED/SFA_SpatialStudy_2021_SensorData/SFA_SpatialStudy_2021_SensorData/SPS_Sensor_flmd.csv,/SFA_SpatialStudy_2021_SensorData/SFA_SpatialStudy_2021_SensorData/SPS_Sensor_flmd.csv
Z:/00_ESSDIVE/01_Study_DPs/00_ARCHIVE-WHEN-PUBLISHED/SFA_SpatialStudy_2021_SensorData_v3/v3_SFA_SpatialStudy_2021_SensorData/v3_SPS_Sensor_dd.csv,/SFA_SpatialStudy_2021_SensorData_v3/v3_SFA_SpatialStudy_2021_SensorData/v3_SPS_Sensor_dd.csv
Z:/00_ESSDIVE/01_Study_DPs/00_ARCHIVE-WHEN-PUBLISHED/SFA_SpatialStudy_2021_SensorData_v3/v3_SFA_SpatialStudy_2021_SensorData/v3_SPS_Sensor_flmd.csv,/SFA_SpatialStudy_2021_SensorData_v3/v3_SFA_SpatialStudy_2021_SensorData/v3_SPS_Sensor_flmd.csv
Z:/00_ESSDIVE/01_Study_DPs/00_ARCHIVE-WHEN-PUBLISHED/Son_et_al_2022_Denitrification_Data_Package/Son_et_al_2022_Denitrification_Data_Package/denitrification_dd.csv,/Son_et_al_2022_Denitrification_Data_Package/Son_et_al_2022_Denitrification_Data_Package/denitrification_dd.csv
Z:/00_ESSDIVE/01_Study_DPs/00_ARCHIVE-WHEN-PUBLISHED/Son_et_al_2022_Denitrification_Data_Package/Son_et_al_2022_Denitrification_Data_Package/denitrification_flmd.csv,/Son_et_al_2022_Denitrification_Data_Package/Son_et_al_2022_Denitrification_Data_Package/denitrification_flmd.csv
Z:/00_ESSDIVE/01_Study_DPs/00_ARCHIVE-WHEN-PUBLISHED/Son_et_al_2022_Respiration_Data_Package/Son_et_al_2022_Respiration_Data_Package/respiration_dd.csv,/Son_et_al_2022_Respiration_Data_Package/Son_et_al_2022_Respiration_Data_Package/respiration_dd.csv
Z:/00_ESSDIVE/01_Study_DPs/00_ARCHIVE-WHEN-PUBLISHED/Son_et_al_2022_Respiration_Data_Package/Son_et_al_2022_Respiration_Data_Package/respiration_flmd.csv,/Son_et_al_2022_Respiration_Data_Package/Son_et_al_2022_Respiration_Data_Package/respiration_flmd.csv
Z:/00_ESSDIVE/01_Study_DPs/00_ARCHIVE-WHEN-PUBLISHED/SSF_Data_Package/SSF_Data_Package/SSF_dd.csv,/SSF_Data_Package/SSF_Data_Package/SSF_dd.csv
Z:/00_ESSDIVE/01_Study_DPs/00_ARCHIVE-WHEN-PUBLISHED/SSF_Data_Package/SSF_Data_Package/SSF_flmd.csv,/SSF_Data_Package/SSF_Data_Package/SSF_flmd.csv
Z:/00_ESSDIVE/01_Study_DPs/00_ARCHIVE-WHEN-PUBLISHED/SSS_Data_Package/SSS_Data_Package/SSS_dd.csv,/SSS_Data_Package/SSS_Data_Package/SSS_dd.csv
Z:/00_ESSDIVE/01_Study_DPs/00_ARCHIVE-WHEN-PUBLISHED/SSS_Data_Package/SSS_Data_Package/SSS_flmd.csv,/SSS_Data_Package/SSS_Data_Package/SSS_flmd.csv
Z:/00_ESSDIVE/01_Study_DPs/00_ARCHIVE-WHEN-PUBLISHED/SSS_Data_Package_v2/v2_SSS_Data_Package/v2_SSS_dd.csv,/SSS_Data_Package_v2/v2_SSS_Data_Package/v2_SSS_dd.csv
Z:/00_ESSDIVE/01_Study_DPs/00_ARCHIVE-WHEN-PUBLISHED/SSS_Data_Package_v2/v2_SSS_Data_Package/v2_SSS_flmd.csv,/SSS_Data_Package_v2/v2_SSS_Data_Package/v2_SSS_flmd.csv
Z:/00_ESSDIVE/01_Study_DPs/00_ARCHIVE-WHEN-PUBLISHED/SSS_Data_Package_v3/v2_SSS_flmd.csv,/SSS_Data_Package_v3/v2_SSS_flmd.csv
Z:/00_ESSDIVE/01_Study_DPs/00_ARCHIVE-WHEN-PUBLISHED/SSS_Data_Package_v3/v3_SSS_Data_Package/v3_SSS_dd.csv,/SSS_Data_Package_v3/v3_SSS_Data_Package/v3_SSS_dd.csv
Z:/00_ESSDIVE/01_Study_DPs/00_ARCHIVE-WHEN-PUBLISHED/SSS_Data_Package_v3/v3_SSS_Data_Package/v3_SSS_flmd.csv,/SSS_Data_Package_v3/v3_SSS_Data_Package/v3_SSS_flmd.csv
Z:/00_ESSDIVE/01_Study_DPs/00_ARCHIVE-WHEN-PUBLISHED/SSS_Ecosystem_Respiration_Data_Package/SSS_Ecosystem_Respiration_Data_Package/SSS_ER_dd.csv,/SSS_Ecosystem_Respiration_Data_Package/SSS_Ecosystem_Respiration_Data_Package/SSS_ER_dd.csv
Z:/00_ESSDIVE/01_Study_DPs/00_ARCHIVE-WHEN-PUBLISHED/SSS_Ecosystem_Respiration_Data_Package/SSS_Ecosystem_Respiration_Data_Package/SSS_ER_flmd.csv,/SSS_Ecosystem_Respiration_Data_Package/SSS_Ecosystem_Respiration_Data_Package/SSS_ER_flmd.csv
Z:/00_ESSDIVE/01_Study_DPs/00_ARCHIVE-WHEN-PUBLISHED/Wenas_Data_Package/Wenas_Data_Package/YRBT_dd.csv,/Wenas_Data_Package/Wenas_Data_Package/YRBT_dd.csv
Z:/00_ESSDIVE/01_Study_DPs/00_ARCHIVE-WHEN-PUBLISHED/Wenas_Data_Package/Wenas_Data_Package/YRBT_flmd.csv,/Wenas_Data_Package/Wenas_Data_Package/YRBT_flmd.csv
Z:/00_ESSDIVE/01_Study_DPs/00_ARCHIVE-WHEN-PUBLISHED/WHONDRS_AV1_Data_Package/WHONDRS_AV1_Data_Package/WHONDRS_AV1_dd.csv,/WHONDRS_AV1_Data_Package/WHONDRS_AV1_Data_Package/WHONDRS_AV1_dd.csv
Z:/00_ESSDIVE/01_Study_DPs/00_ARCHIVE-WHEN-PUBLISHED/WHONDRS_AV1_Data_Package/WHONDRS_AV1_Data_Package/WHONDRS_AV1_flmd.csv,/WHONDRS_AV1_Data_Package/WHONDRS_AV1_Data_Package/WHONDRS_AV1_flmd.csv
Z:/00_ESSDIVE/01_Study_DPs/00_ARCHIVE-WHEN-PUBLISHED/WHONDRS_DBP_Data_Package/WHONDRS_DBP_Data_Package/DBP_dd.csv,/WHONDRS_DBP_Data_Package/WHONDRS_DBP_Data_Package/DBP_dd.csv
Z:/00_ESSDIVE/01_Study_DPs/00_ARCHIVE-WHEN-PUBLISHED/WHONDRS_DBP_Data_Package/WHONDRS_DBP_Data_Package/DBP_flmd.csv,/WHONDRS_DBP_Data_Package/WHONDRS_DBP_Data_Package/DBP_flmd.csv
Z:/00_ESSDIVE/01_Study_DPs/00_ARCHIVE-WHEN-PUBLISHED/WHONDRS_S19S_Sediment_v8/v8_WHONDRS_S19S_Sediment/v6_dd.csv,/WHONDRS_S19S_Sediment_v8/v8_WHONDRS_S19S_Sediment/v6_dd.csv
Z:/00_ESSDIVE/01_Study_DPs/00_ARCHIVE-WHEN-PUBLISHED/WHONDRS_S19S_Sediment_v8/v8_WHONDRS_S19S_Sediment/v6_flmd.csv,/WHONDRS_S19S_Sediment_v8/v8_WHONDRS_S19S_Sediment/v6_flmd.csv
Z:/00_ESSDIVE/01_Study_DPs/00_ARCHIVE-WHEN-PUBLISHED/WHONDRS_S19S_SW_v6/v6_WHONDRS_S19S_SW/v3_dd.csv,/WHONDRS_S19S_SW_v6/v6_WHONDRS_S19S_SW/v3_dd.csv
Z:/00_ESSDIVE/01_Study_DPs/00_ARCHIVE-WHEN-PUBLISHED/WHONDRS_S19S_SW_v6/v6_WHONDRS_S19S_SW/v3_flmd.csv,/WHONDRS_S19S_SW_v6/v6_WHONDRS_S19S_SW/v3_flmd.csv
Z:/00_ESSDIVE/01_Study_DPs/00_ARCHIVE-WHEN-PUBLISHED/WHONDRS_STL_Data_Package/WHONDRS_STL_Data_Package/WHONDRS_STL_dd.csv,/WHONDRS_STL_Data_Package/WHONDRS_STL_Data_Package/WHONDRS_STL_dd.csv
Z:/00_ESSDIVE/01_Study_DPs/00_ARCHIVE-WHEN-PUBLISHED/WHONDRS_STL_Data_Package/WHONDRS_STL_Data_Package/WHONDRS_STL_flmd.csv,/WHONDRS_STL_Data_Package/WHONDRS_STL_Data_Package/WHONDRS_STL_flmd.csv
Z:/00_ESSDIVE/01_Study_DPs/00_ARCHIVE-WHEN-PUBLISHED/WHONDRS_STL_Data_Package_v2/v2_WHONDRS_STL_Data_Package/v2_WHONDRS_STL_dd.csv,/WHONDRS_STL_Data_Package_v2/v2_WHONDRS_STL_Data_Package/v2_WHONDRS_STL_dd.csv
Z:/00_ESSDIVE/01_Study_DPs/00_ARCHIVE-WHEN-PUBLISHED/WHONDRS_STL_Data_Package_v2/v2_WHONDRS_STL_Data_Package/v2_WHONDRS_STL_flmd.csv,/WHONDRS_STL_Data_Package_v2/v2_WHONDRS_STL_Data_Package/v2_WHONDRS_STL_flmd.csv
Z:/00_ESSDIVE/01_Study_DPs/00_ARCHIVE-WHEN-PUBLISHED/WHONDRS_WROL2019_Data_Package/WHONDRS_WROL2019_Data_Package/WHONDRS_WROL_dd.csv,/WHONDRS_WROL2019_Data_Package/WHONDRS_WROL2019_Data_Package/WHONDRS_WROL_dd.csv
Z:/00_ESSDIVE/01_Study_DPs/00_ARCHIVE-WHEN-PUBLISHED/WHONDRS_WROL2019_Data_Package/WHONDRS_WROL2019_Data_Package/WHONDRS_WROL_flmd.csv,/WHONDRS_WROL2019_Data_Package/WHONDRS_WROL2019_Data_Package/WHONDRS_WROL_flmd.csv
Z:/00_ESSDIVE/01_Study_DPs/00_ARCHIVE-WHEN-PUBLISHED/WHONDRS_WROL2019_Data_Package_v2/WHONDRS_WROL2019_Data_Package_v2/v2_WHONDRS_WROL_flmd.csv,/WHONDRS_WROL2019_Data_Package_v2/WHONDRS_WROL2019_Data_Package_v2/v2_WHONDRS_WROL_flmd.csv
Z:/00_ESSDIVE/01_Study_DPs/00_ARCHIVE-WHEN-PUBLISHED/WHONDRS_WROL2019_Data_Package_v2/WHONDRS_WROL2019_Data_Package_v2/WHONDRS_WROL_dd.csv,/WHONDRS_WROL2019_Data_Package_v2/WHONDRS_WROL2019_Data_Package_v2/WHONDRS_WROL_dd.csv
Z:/00_ESSDIVE/01_Study_DPs/00_ARCHIVE-WHEN-PUBLISHED/WHONDRS_WROL2019_Data_Package_v3/v3_WHONDRS_WROL2019_Data_Package/v2_WHONDRS_WROL_dd.csv,/WHONDRS_WROL2019_Data_Package_v3/v3_WHONDRS_WROL2019_Data_Package/v2_WHONDRS_WROL_dd.csv
Z:/00_ESSDIVE/01_Study_DPs/00_ARCHIVE-WHEN-PUBLISHED/WHONDRS_WROL2019_Data_Package_v3/v3_WHONDRS_WROL2019_Data_Package/v3_WHONDRS_WROL_flmd.csv,/WHONDRS_WROL2019_Data_Package_v3/v3_WHONDRS_WROL2019_Data_Package/v3_WHONDRS_WROL_flmd.csv
Z:/00_ESSDIVE/01_Study_DPs/00_ARCHIVE-WHEN-PUBLISHED/WHONDRS_YDE21_Data_Package/WHONDRS_YDE21_data_package/WHONDRS_YDE21_dd.csv,/WHONDRS_YDE21_Data_Package/WHONDRS_YDE21_data_package/WHONDRS_YDE21_dd.csv
Z:/00_ESSDIVE/01_Study_DPs/00_ARCHIVE-WHEN-PUBLISHED/WHONDRS_YDE21_Data_Package/WHONDRS_YDE21_data_package/WHONDRS_YDE21_flmd.csv,/WHONDRS_YDE21_Data_Package/WHONDRS_YDE21_data_package/WHONDRS_YDE21_flmd.csv
Z:/00_ESSDIVE/01_Study_DPs/00_ARCHIVE-WHEN-PUBLISHED/WHONDRS_YDE21_Data_Package_v2/WHONDRS_YDE21_Data_Package_v2/WHONDRS_YDE21_dd.csv,/WHONDRS_YDE21_Data_Package_v2/WHONDRS_YDE21_Data_Package_v2/WHONDRS_YDE21_dd.csv
Z:/00_ESSDIVE/01_Study_DPs/00_ARCHIVE-WHEN-PUBLISHED/WHONDRS_YDE22_Data_Package/WHONDRS_YDE22_Data_Package/WHONDRS_YDE22_dd.csv,/WHONDRS_YDE22_Data_Package/WHONDRS_YDE22_Data_Package/WHONDRS_YDE22_dd.csv
Z:/00_ESSDIVE/01_Study_DPs/00_ARCHIVE-WHEN-PUBLISHED/WHONDRS_YDE22_Data_Package/WHONDRS_YDE22_Data_Package/WHONDRS_YDE22_flmd.csv,/WHONDRS_YDE22_Data_Package/WHONDRS_YDE22_Data_Package/WHONDRS_YDE22_flmd.csv
Z:/00_ESSDIVE/03_Manuscript_DPs/00_ARCHIVE-WHEN-PUBLISHED/2024_BSLE_Processed_OM_Manuscripts_Data_Package/2024_BSLE_Processed_OM_Manuscripts_Data_Package/2024_BSLE_Processed_OM_Manuscripts_dd.csv,/2024_BSLE_Processed_OM_Manuscripts_Data_Package/2024_BSLE_Processed_OM_Manuscripts_Data_Package/2024_BSLE_Processed_OM_Manuscripts_dd.csv
Z:/00_ESSDIVE/03_Manuscript_DPs/00_ARCHIVE-WHEN-PUBLISHED/2024_BSLE_Processed_OM_Manuscripts_Data_Package/2024_BSLE_Processed_OM_Manuscripts_Data_Package/2024_BSLE_Processed_OM_Manuscripts_flmd.csv,/2024_BSLE_Processed_OM_Manuscripts_Data_Package/2024_BSLE_Processed_OM_Manuscripts_Data_Package/2024_BSLE_Processed_OM_Manuscripts_flmd.csv
Z:/00_ESSDIVE/03_Manuscript_DPs/00_ARCHIVE-WHEN-PUBLISHED/2024_BSLE_Processed_OM_Manuscripts_v2/v2_2024_BSLE_Processed_OM_Manuscripts/v2_2024_BSLE_Processed_OM_Manuscripts_dd.csv,/2024_BSLE_Processed_OM_Manuscripts_v2/v2_2024_BSLE_Processed_OM_Manuscripts/v2_2024_BSLE_Processed_OM_Manuscripts_dd.csv
Z:/00_ESSDIVE/03_Manuscript_DPs/00_ARCHIVE-WHEN-PUBLISHED/2024_BSLE_Processed_OM_Manuscripts_v2/v2_2024_BSLE_Processed_OM_Manuscripts/v2_2024_BSLE_Processed_OM_Manuscripts_flmd.csv,/2024_BSLE_Processed_OM_Manuscripts_v2/v2_2024_BSLE_Processed_OM_Manuscripts/v2_2024_BSLE_Processed_OM_Manuscripts_flmd.csv
Z:/00_ESSDIVE/03_Manuscript_DPs/00_ARCHIVE-WHEN-PUBLISHED/2024_BSLE_Processed_OM_Manuscripts_v3/v3_2024_BSLE_Processed_OM_Manuscripts/v2_2024_BSLE_Processed_OM_Manuscripts_dd.csv,/2024_BSLE_Processed_OM_Manuscripts_v3/v3_2024_BSLE_Processed_OM_Manuscripts/v2_2024_BSLE_Processed_OM_Manuscripts_dd.csv
Z:/00_ESSDIVE/03_Manuscript_DPs/00_ARCHIVE-WHEN-PUBLISHED/2024_BSLE_Processed_OM_Manuscripts_v3/v3_2024_BSLE_Processed_OM_Manuscripts/v3_2024_BSLE_Processed_OM_Manuscripts_flmd.csv,/2024_BSLE_Processed_OM_Manuscripts_v3/v3_2024_BSLE_Processed_OM_Manuscripts/v3_2024_BSLE_Processed_OM_Manuscripts_flmd.csv
Z:/00_ESSDIVE/03_Manuscript_DPs/00_ARCHIVE-WHEN-PUBLISHED/Bao_2023_Residence_Time_Distribution_Manuscript_Data_Package/Bao_2024_Residence_Time_Distribution_Data_Package/Bao_2024_Residence_Time_Distribution_dd.csv,/Bao_2023_Residence_Time_Distribution_Manuscript_Data_Package/Bao_2024_Residence_Time_Distribution_Data_Package/Bao_2024_Residence_Time_Distribution_dd.csv
Z:/00_ESSDIVE/03_Manuscript_DPs/00_ARCHIVE-WHEN-PUBLISHED/Bao_2023_Residence_Time_Distribution_Manuscript_Data_Package/Bao_2024_Residence_Time_Distribution_Data_Package/Bao_2024_Residence_Time_Distribution_flmd.csv,/Bao_2023_Residence_Time_Distribution_Manuscript_Data_Package/Bao_2024_Residence_Time_Distribution_Data_Package/Bao_2024_Residence_Time_Distribution_flmd.csv
Z:/00_ESSDIVE/03_Manuscript_DPs/00_ARCHIVE-WHEN-PUBLISHED/Barnes_2024_BSLE_P_Gradient_Manuscript_Data_Package/Barnes_2024_BSLE_P_Gradient/Barnes_2024_BSLE_P_Gradient_dd.csv,/Barnes_2024_BSLE_P_Gradient_Manuscript_Data_Package/Barnes_2024_BSLE_P_Gradient/Barnes_2024_BSLE_P_Gradient_dd.csv
Z:/00_ESSDIVE/03_Manuscript_DPs/00_ARCHIVE-WHEN-PUBLISHED/Barnes_2024_BSLE_P_Gradient_Manuscript_Data_Package/Barnes_2024_BSLE_P_Gradient/Barnes_2024_BSLE_P_Gradient_flmd.csv,/Barnes_2024_BSLE_P_Gradient_Manuscript_Data_Package/Barnes_2024_BSLE_P_Gradient/Barnes_2024_BSLE_P_Gradient_flmd.csv
Z:/00_ESSDIVE/03_Manuscript_DPs/00_ARCHIVE-WHEN-PUBLISHED/Barnes_2024_BSLE_P_Gradient_Manuscript_Data_Package/Github Backup/do not commit/data/BSLE_Data_Package_v3/v3_BSLE_dd.csv,/Barnes_2024_BSLE_P_Gradient_Manuscript_Data_Package/Github Backup/do not commit/data/BSLE_Data_Package_v3/v3_BSLE_dd.csv
Z:/00_ESSDIVE/03_Manuscript_DPs/00_ARCHIVE-WHEN-PUBLISHED/Barnes_2024_BSLE_P_Gradient_Manuscript_Data_Package/Github Backup/do not commit/data/BSLE_Data_Package_v3/v3_BSLE_flmd.csv,/Barnes_2024_BSLE_P_Gradient_Manuscript_Data_Package/Github Backup/do not commit/data/BSLE_Data_Package_v3/v3_BSLE_flmd.csv
Z:/00_ESSDIVE/03_Manuscript_DPs/00_ARCHIVE-WHEN-PUBLISHED/Butler_2024_WT_WRF_Hydro/Butler_2024_WT_WRF_Hydro_Manuscript_Data_Package/Butler_2024_WT_WRF_Hydro_dd.csv,/Butler_2024_WT_WRF_Hydro/Butler_2024_WT_WRF_Hydro_Manuscript_Data_Package/Butler_2024_WT_WRF_Hydro_dd.csv
Z:/00_ESSDIVE/03_Manuscript_DPs/00_ARCHIVE-WHEN-PUBLISHED/Butler_2024_WT_WRF_Hydro/Butler_2024_WT_WRF_Hydro_Manuscript_Data_Package/Butler_2024_WT_WRF_Hydro_flmd.csv,/Butler_2024_WT_WRF_Hydro/Butler_2024_WT_WRF_Hydro_Manuscript_Data_Package/Butler_2024_WT_WRF_Hydro_flmd.csv
Z:/00_ESSDIVE/03_Manuscript_DPs/00_ARCHIVE-WHEN-PUBLISHED/Butler_2024_WT_WRF_Hydro_v2/v2_Butler_2024_WT_WRF_Hydro/v2_Butler_2024_WT_WRF_Hydro_dd.csv,/Butler_2024_WT_WRF_Hydro_v2/v2_Butler_2024_WT_WRF_Hydro/v2_Butler_2024_WT_WRF_Hydro_dd.csv
Z:/00_ESSDIVE/03_Manuscript_DPs/00_ARCHIVE-WHEN-PUBLISHED/Butler_2024_WT_WRF_Hydro_v2/v2_Butler_2024_WT_WRF_Hydro/v2_Butler_2024_WT_WRF_Hydro_flmd.csv,/Butler_2024_WT_WRF_Hydro_v2/v2_Butler_2024_WT_WRF_Hydro/v2_Butler_2024_WT_WRF_Hydro_flmd.csv
Z:/00_ESSDIVE/03_Manuscript_DPs/00_ARCHIVE-WHEN-PUBLISHED/Cavaiani_2024_Metaanalysis_Manuscript_Data_Package/Cavaiani_2024_Metaanalysis_Manuscript_Data_Package/Cavaiani_2024_Metaanalysis_dd.csv,/Cavaiani_2024_Metaanalysis_Manuscript_Data_Package/Cavaiani_2024_Metaanalysis_Manuscript_Data_Package/Cavaiani_2024_Metaanalysis_dd.csv
Z:/00_ESSDIVE/03_Manuscript_DPs/00_ARCHIVE-WHEN-PUBLISHED/Cavaiani_2024_Metaanalysis_Manuscript_Data_Package/Cavaiani_2024_Metaanalysis_Manuscript_Data_Package/Cavaiani_2024_Metaanalysis_flmd.csv,/Cavaiani_2024_Metaanalysis_Manuscript_Data_Package/Cavaiani_2024_Metaanalysis_Manuscript_Data_Package/Cavaiani_2024_Metaanalysis_flmd.csv
Z:/00_ESSDIVE/03_Manuscript_DPs/00_ARCHIVE-WHEN-PUBLISHED/Danczak_2023_48Hour_Manuscript_Data_Package/Danczak_2023_48Hour_Manuscript_Data_Package/48Hour_dd.csv,/Danczak_2023_48Hour_Manuscript_Data_Package/Danczak_2023_48Hour_Manuscript_Data_Package/48Hour_dd.csv
Z:/00_ESSDIVE/03_Manuscript_DPs/00_ARCHIVE-WHEN-PUBLISHED/Danczak_2023_48Hour_Manuscript_Data_Package/Danczak_2023_48Hour_Manuscript_Data_Package/48Hour_flmd.csv,/Danczak_2023_48Hour_Manuscript_Data_Package/Danczak_2023_48Hour_Manuscript_Data_Package/48Hour_flmd.csv
Z:/00_ESSDIVE/03_Manuscript_DPs/00_ARCHIVE-WHEN-PUBLISHED/Danczak_2024_GROW_Manuscript_Data_Package/Danczak_2024_GROW_Manuscript_Data_Package/Danczak_2024_GROW_dd.csv,/Danczak_2024_GROW_Manuscript_Data_Package/Danczak_2024_GROW_Manuscript_Data_Package/Danczak_2024_GROW_dd.csv
Z:/00_ESSDIVE/03_Manuscript_DPs/00_ARCHIVE-WHEN-PUBLISHED/Danczak_2024_GROW_Manuscript_Data_Package/Danczak_2024_GROW_Manuscript_Data_Package/Danczak_2024_GROW_flmd.csv,/Danczak_2024_GROW_Manuscript_Data_Package/Danczak_2024_GROW_Manuscript_Data_Package/Danczak_2024_GROW_flmd.csv
Z:/00_ESSDIVE/03_Manuscript_DPs/00_ARCHIVE-WHEN-PUBLISHED/Fulton_2023_Water_Column_Manuscript_Data_Package/Fulton_2024_Water_Column_Respiration_Data_Package/Fulton_2024_Water_Column_Respiration_Data_Package_dd.csv,/Fulton_2023_Water_Column_Manuscript_Data_Package/Fulton_2024_Water_Column_Respiration_Data_Package/Fulton_2024_Water_Column_Respiration_Data_Package_dd.csv
Z:/00_ESSDIVE/03_Manuscript_DPs/00_ARCHIVE-WHEN-PUBLISHED/Fulton_2023_Water_Column_Manuscript_Data_Package/Fulton_2024_Water_Column_Respiration_Data_Package/Fulton_2024_Water_Column_Respiration_Data_Package_flmd.csv,/Fulton_2023_Water_Column_Manuscript_Data_Package/Fulton_2024_Water_Column_Respiration_Data_Package/Fulton_2024_Water_Column_Respiration_Data_Package_flmd.csv
Z:/00_ESSDIVE/03_Manuscript_DPs/00_ARCHIVE-WHEN-PUBLISHED/Kassianov_2023_AML_Plumes_Manuscript_Data_Package/Kassianov_2023_AML_Plumes/Kassianov_2024_AML_Plumes_dd.csv,/Kassianov_2023_AML_Plumes_Manuscript_Data_Package/Kassianov_2023_AML_Plumes/Kassianov_2024_AML_Plumes_dd.csv
Z:/00_ESSDIVE/03_Manuscript_DPs/00_ARCHIVE-WHEN-PUBLISHED/Kassianov_2023_AML_Plumes_Manuscript_Data_Package/Kassianov_2023_AML_Plumes/Kassianov_2024_AML_Plumes_flmd.csv,/Kassianov_2023_AML_Plumes_Manuscript_Data_Package/Kassianov_2023_AML_Plumes/Kassianov_2024_AML_Plumes_flmd.csv
Z:/00_ESSDIVE/03_Manuscript_DPs/00_ARCHIVE-WHEN-PUBLISHED/Muller_2024_Lambda_Pipeline_Manuscript_Data_Package/Muller_2024_Lambda_PFLOTRAN_Manuscript_Data_Package/Muller_2024_Lambda_PFLOTRAN_Manuscript_Data_Package_dd.csv,/Muller_2024_Lambda_Pipeline_Manuscript_Data_Package/Muller_2024_Lambda_PFLOTRAN_Manuscript_Data_Package/Muller_2024_Lambda_PFLOTRAN_Manuscript_Data_Package_dd.csv
Z:/00_ESSDIVE/03_Manuscript_DPs/00_ARCHIVE-WHEN-PUBLISHED/Muller_2024_Lambda_Pipeline_Manuscript_Data_Package/Muller_2024_Lambda_PFLOTRAN_Manuscript_Data_Package/Muller_2024_Lambda_PFLOTRAN_Manuscript_Data_Package_flmd.csv,/Muller_2024_Lambda_Pipeline_Manuscript_Data_Package/Muller_2024_Lambda_PFLOTRAN_Manuscript_Data_Package/Muller_2024_Lambda_PFLOTRAN_Manuscript_Data_Package_flmd.csv
Z:/00_ESSDIVE/03_Manuscript_DPs/00_ARCHIVE-WHEN-PUBLISHED/Regier_2024_WRB_YRB_Scaling_Manuscript_Data_Package/Regier_2024_WRB_YRB_Scaling/Regier_2024_WRB_YRB_Scaling_dd.csv,/Regier_2024_WRB_YRB_Scaling_Manuscript_Data_Package/Regier_2024_WRB_YRB_Scaling/Regier_2024_WRB_YRB_Scaling_dd.csv
Z:/00_ESSDIVE/03_Manuscript_DPs/00_ARCHIVE-WHEN-PUBLISHED/Regier_2024_WRB_YRB_Scaling_Manuscript_Data_Package/Regier_2024_WRB_YRB_Scaling/Regier_2024_WRB_YRB_Scaling_flmd.csv,/Regier_2024_WRB_YRB_Scaling_Manuscript_Data_Package/Regier_2024_WRB_YRB_Scaling/Regier_2024_WRB_YRB_Scaling_flmd.csv
Z:/00_ESSDIVE/03_Manuscript_DPs/00_ARCHIVE-WHEN-PUBLISHED/Roebuck_2023_S19S_XRF_ICR_Manuscript_Data_Package/XRF_FTICR_Manuscript_Data_Package/XRF_ICR_Manuscript_dd.csv,/Roebuck_2023_S19S_XRF_ICR_Manuscript_Data_Package/XRF_FTICR_Manuscript_Data_Package/XRF_ICR_Manuscript_dd.csv
Z:/00_ESSDIVE/03_Manuscript_DPs/00_ARCHIVE-WHEN-PUBLISHED/Roebuck_2023_S19S_XRF_ICR_Manuscript_Data_Package/XRF_FTICR_Manuscript_Data_Package/XRF_ICR_Manuscript_flmd.csv,/Roebuck_2023_S19S_XRF_ICR_Manuscript_Data_Package/XRF_FTICR_Manuscript_Data_Package/XRF_ICR_Manuscript_flmd.csv
Z:/00_ESSDIVE/03_Manuscript_DPs/00_ARCHIVE-WHEN-PUBLISHED/Ryan_2024_WROL_YRB_DOM_Diversity/Ryan_2024_WROL_YRB_DOM_Diversity_Manuscript_Data_Package/Ryan_2024_WROL_YRB_DOM_Diversity_dd.csv,/Ryan_2024_WROL_YRB_DOM_Diversity/Ryan_2024_WROL_YRB_DOM_Diversity_Manuscript_Data_Package/Ryan_2024_WROL_YRB_DOM_Diversity_dd.csv
Z:/00_ESSDIVE/03_Manuscript_DPs/00_ARCHIVE-WHEN-PUBLISHED/Ryan_2024_WROL_YRB_DOM_Diversity/Ryan_2024_WROL_YRB_DOM_Diversity_Manuscript_Data_Package/Ryan_2024_WROL_YRB_DOM_Diversity_flmd.csv,/Ryan_2024_WROL_YRB_DOM_Diversity/Ryan_2024_WROL_YRB_DOM_Diversity_Manuscript_Data_Package/Ryan_2024_WROL_YRB_DOM_Diversity_flmd.csv
Z:/00_ESSDIVE/03_Manuscript_DPs/00_ARCHIVE-WHEN-PUBLISHED/Ryan_2024_WROL_YRB_DOM_Diversity_v2/v2_Ryan_2024_WROL_YRB_DOM_Diversity_Manuscript_Data_Package/Ryan_2024_WROL_YRB_DOM_Diversity_dd.csv,/Ryan_2024_WROL_YRB_DOM_Diversity_v2/v2_Ryan_2024_WROL_YRB_DOM_Diversity_Manuscript_Data_Package/Ryan_2024_WROL_YRB_DOM_Diversity_dd.csv
Z:/00_ESSDIVE/03_Manuscript_DPs/00_ARCHIVE-WHEN-PUBLISHED/Ryan_2024_WROL_YRB_DOM_Diversity_v2/v2_Ryan_2024_WROL_YRB_DOM_Diversity_Manuscript_Data_Package/v2_Ryan_2024_WROL_YRB_DOM_Diversity_flmd.csv,/Ryan_2024_WROL_YRB_DOM_Diversity_v2/v2_Ryan_2024_WROL_YRB_DOM_Diversity_Manuscript_Data_Package/v2_Ryan_2024_WROL_YRB_DOM_Diversity_flmd.csv
Z:/00_ESSDIVE/03_Manuscript_DPs/00_ARCHIVE-WHEN-PUBLISHED/Shi_2024_Ecosystem_Responses_To_Wildfires_Manuscript_Data_Package/Shi_Ecosystem_Responses_To_Wildfires_dd.csv,/Shi_2024_Ecosystem_Responses_To_Wildfires_Manuscript_Data_Package/Shi_Ecosystem_Responses_To_Wildfires_dd.csv
Z:/00_ESSDIVE/03_Manuscript_DPs/00_ARCHIVE-WHEN-PUBLISHED/Shi_2024_Ecosystem_Responses_To_Wildfires_Manuscript_Data_Package/Shi_Ecosystem_Responses_To_Wildfires_flmd.csv,/Shi_2024_Ecosystem_Responses_To_Wildfires_Manuscript_Data_Package/Shi_Ecosystem_Responses_To_Wildfires_flmd.csv
Z:/00_ESSDIVE/03_Manuscript_DPs/00_ARCHIVE-WHEN-PUBLISHED/Stegen_2024_ECA_2020_Sed_Manuscript_Data_Package/ECA_2020_Sed/Stegen_2024_ECA_2020_Sed_dd.csv,/Stegen_2024_ECA_2020_Sed_Manuscript_Data_Package/ECA_2020_Sed/Stegen_2024_ECA_2020_Sed_dd.csv
Z:/00_ESSDIVE/03_Manuscript_DPs/00_ARCHIVE-WHEN-PUBLISHED/Stegen_2024_ECA_2020_Sed_Manuscript_Data_Package/ECA_2020_Sed/Stegen_2024_ECA_2020_Sed_flmd.csv,/Stegen_2024_ECA_2020_Sed_Manuscript_Data_Package/ECA_2020_Sed/Stegen_2024_ECA_2020_Sed_flmd.csv
Z:/00_ESSDIVE/03_Manuscript_DPs/00_ARCHIVE-WHEN-PUBLISHED/Wampler_2025_Thresholds_Manuscript_Data_Package/Wampler_2025_Thresholds_Manuscript_Data_Package/Wampler_2025_Thresholds_dd.csv,/Wampler_2025_Thresholds_Manuscript_Data_Package/Wampler_2025_Thresholds_Manuscript_Data_Package/Wampler_2025_Thresholds_dd.csv
Z:/00_ESSDIVE/03_Manuscript_DPs/00_ARCHIVE-WHEN-PUBLISHED/Wampler_2025_Thresholds_Manuscript_Data_Package/Wampler_2025_Thresholds_Manuscript_Data_Package/Wampler_2025_Thresholds_flmd.csv,/Wampler_2025_Thresholds_Manuscript_Data_Package/Wampler_2025_Thresholds_Manuscript_Data_Package/Wampler_2025_Thresholds_flmd.csv
Z:/00_ESSDIVE/03_Manuscript_DPs/00_ARCHIVE-WHEN-PUBLISHED/Zahura_2023_Postfire_Recovery_Manuscript_Data_Package/Postfire_recovery_dd.csv,/Zahura_2023_Postfire_Recovery_Manuscript_Data_Package/Postfire_recovery_dd.csv
Z:/00_ESSDIVE/03_Manuscript_DPs/00_ARCHIVE-WHEN-PUBLISHED/Zahura_2023_Postfire_Recovery_Manuscript_Data_Package/Postfire_recovery_flmd.csv,/Zahura_2023_Postfire_Recovery_Manuscript_Data_Package/Postfire_recovery_flmd.csv
Z:/00_ESSDIVE/03_Manuscript_DPs/00_ARCHIVE-WHEN-PUBLISHED/Zheng_2023_Bioenergetic_Modeling_Manuscript_Data_Package/Zheng_2023_Bioenergetic_Modeling_Manuscript_Data_Package/Zheng_bioenergetic_modeling_dd.csv,/Zheng_2023_Bioenergetic_Modeling_Manuscript_Data_Package/Zheng_2023_Bioenergetic_Modeling_Manuscript_Data_Package/Zheng_bioenergetic_modeling_dd.csv
Z:/00_ESSDIVE/03_Manuscript_DPs/00_ARCHIVE-WHEN-PUBLISHED/Zheng_2023_Bioenergetic_Modeling_Manuscript_Data_Package/Zheng_2023_Bioenergetic_Modeling_Manuscript_Data_Package/Zheng_bioenergetic_modeling_flmd.csv,/Zheng_2023_Bioenergetic_Modeling_Manuscript_Data_Package/Zheng_2023_Bioenergetic_Modeling_Manuscript_Data_Package/Zheng_bioenergetic_modeling_flmd.csv
